{"ps": [5, 15, 25, 35, 45, 55, 65, 75, 85, 95, 105, 115, 125, 135, 145, 155, 165, 175, 185, 188, 189, 190, 191, 192, 193, 194, 195, 196, 197, 198, 199, 200, 201, 202, 203, 204, 205, 206, 207, 208, 209, 210, 211, 212, 213, 214, 215, 216, 217, 223, 233, 243, 253, 263, 273, 300, 325, 350, 375, 400, 425, 450, 475, 493], "train_r2": [0.5455902687531655, 0.5942650078292655, 0.679855318519488, 0.7163352958784979, 0.8069265389835276, 0.8223119136049527, 0.8458022746044466, 0.8605141667670855, 0.9155606823269582, 0.9292475175467501, 0.9404406615211843, 0.948253994819397, 0.9537570540315473, 0.961392462918597, 0.9626502484319891, 0.9657961567465642, 0.9675643199490158, 0.9784932103126386, 0.9883501706156331, 0.990590781450656, 0.9908416515182881, 0.9909948248246391, 0.9910499832087015, 0.9911557408064292, 0.9911608565308648, 0.9913273995137803, 0.9928164116882973, 0.9931985310275494, 0.9931986353791975, 0.9932025495566935, 0.9936176810868914, 0.9949936446479852, 0.9953461482640767, 0.9959227042632084, 0.9969673005963994, 0.997076642844652, 0.9999623284358247, 1.0, 1.0, 1.0, 1.0, 1.0, 1.0, 1.0, 1.0, 1.0, 1.0, 1.0, 1.0, 1.0, 1.0, 1.0, 1.0, 1.0, 1.0, 1.0, 1.0, 1.0, 1.0, 1.0, 1.0, 1.0, 1.0, 1.0], "test_r2": [0.3453091991259569, 0.37657434696844405, 0.46474803758770045, 0.49719435368591347, 0.46245693435910185, 0.4763928765874683, 0.5475141993865618, 0.5741359035651858, 0.44946175033726377, 0.4879195052842277, 0.4809966084154219, 0.48025769392704254, 0.4732025330363703, 0.07664435867955877, -0.41590354872023383, 0.04447267531334598, -0.20996474820941446, -1.9666761578070644, -1.260858824350478, -4.238169019058241, -1.7252845227823674, -1.9033354084793852, -2.3841421344371696, -3.0467672269533717, -3.4780006653366105, -2.289653925994033, -3.2497029258957486, -10.453147496093791, -10.367471261042327, -9.869920883154332, -26.825200676648496, -208.79817284659546, -240.80922771632828, -108.12409317064369, -9.407425260283512, -20.396198625882, -35.197925880316326, -116.42649682660986, -8.492627557615526, -131.469000447753, -232.5210088306501, -9.513163169473925, -8.728686920066862, -73.55455543381433, -98.0972706060489, -68.66974524550176, -16.470392084689536, -30.198892880122138, -30.960410858377607, -6.948361327864749, -2.500986863106648, -4.950501169118654, -2.34113379053235, -0.06293798550079943, -0.8223458781386517, -1.106574581093934, -1.0579112761792042, -0.8607170082679487, 0.3404952918104952, 0.19424028288408535, 0.3303462559429944, 0.35578060677176704, 0.4529877659952364, 0.3332591513840202], "n_train": 203, "n_test": 51, "p_max": 493, "seed": 42, "test_frac": 0.2, "feature_order": ["life_expectancy_at_birth", "fertility_rate", "infant_mortality_per_1000", "pct_urban_population", "secondary_enrollment_gross", "gross_capital_formation_pct_gdp", "fdi_net_inflows_pct_gdp", "gross_savings_pct_gdp", "trade_pct_gdp", "exports_pct_gdp", "pct_internet_users", "mobile_subscriptions_per_100", "electric_power_consumption_kwh_pc", "inflation_consumer_prices_annual", "govt_consumption_pct_gdp", "total_natural_resources_rent_pct_gdp", "rule_of_law_index", "control_of_corruption_index", "regulatory_quality_index", "government_effectiveness_index", "political_stability_index", "voice_and_accountability_index", "pct_forest_area", "pct_arable_land", "pm25_air_pollution", "military_expenditure_pct_gdp", "health_expenditure_pct_gdp", "education_expenditure_pct_gdp", "unemployment_rate", "pct_employment_agriculture", "pct_employment_industry", "agriculture_value_added_pct_gdp", "industry_value_added_pct_gdp", "services_value_added_pct_gdp", "pct_electricity_from_renewables", "pct_energy_from_renewables", "land_area_sq_km", "freshwater_withdrawal_pct", "pct_smoking_prevalence", "age_dependency_ratio", "pct_population_over_65", "pct_population_under_15", "current_account_balance_pct_gdp", "broad_money_pct_gdp", "noncommunicable_disease_mortality_pct", "tuberculosis_incidence_per_100k", "maternal_mortality_ratio", "unesco_world_heritage_sites", "letters_in_country_name", "vowels_in_country_name", "consonants_in_country_name", "words_in_country_name", "num_border_countries", "access_to_electricity_pct", "energy_use_kg_oil_equiv_pc", "energy_imports_pct_use", "fossil_fuel_energy_consumption_pct", "electricity_from_coal_pct", "electricity_from_natural_gas_pct", "electricity_from_nuclear_pct", "electricity_from_hydro_pct", "electricity_from_oil_pct", "air_transport_departures", "air_transport_passengers", "domestic_credit_to_private_sector_pct_gdp", "reserves_months_imports", "labor_force_total", "labor_force_participation_rate", "labor_force_participation_female", "labor_force_participation_male", "employment_in_services_pct", "vulnerable_employment_pct", "wage_and_salaried_workers_pct", "self_employed_pct", "population_growth_annual_pct", "birth_rate_crude_per_1000", "death_rate_crude_per_1000", "survival_to_age_65_female", "survival_to_age_65_male", "population_ages_15_64_pct", "rural_population_pct", "urban_population_growth_annual_pct", "age_dependency_ratio_old", "age_dependency_ratio_young", "food_production_index", "crop_production_index", "livestock_production_index", "cereal_yield_kg_per_hectare", "fertilizer_consumption_kg_per_hectare", "agricultural_land_pct", "arable_land_pct_land_area", "average_precipitation_mm_per_year", "capture_fisheries_production_metric_tons", "aquaculture_production_metric_tons", "freshwater_withdrawals_agriculture_pct", "freshwater_withdrawals_industry_pct", "freshwater_withdrawals_domestic_pct", "merchandise_trade_pct_gdp", "high_tech_exports_current_usd", "high_tech_exports_pct_manufactured_exports", "fuel_imports_pct_merchandise_imports", "food_imports_pct_merchandise_imports", "manufactures_imports_pct_merchandise_imports", "fuel_exports_pct_merchandise_exports", "food_exports_pct_merchandise_exports", "manufactures_exports_pct_merchandise_exports", "merchandise_exports_current_usd", "merchandise_imports_current_usd", "scientific_technical_journal_articles", "fixed_telephone_subscriptions_total", "fixed_telephone_per_100", "fixed_broadband_subscriptions", "fixed_broadband_per_100", "secure_internet_servers", "secure_internet_servers_per_million", "immunization_dpt_pct_children", "immunization_measles_pct_children", "school_enrollment_primary_gross", "synthetic_noise_90", "synthetic_noise_91", "synthetic_noise_92", "synthetic_noise_93", "synthetic_noise_94", "synthetic_noise_95", "synthetic_noise_96", "synthetic_noise_97", "synthetic_noise_98", "synthetic_noise_99", "synthetic_noise_100", "synthetic_noise_101", "synthetic_noise_102", "synthetic_noise_103", "synthetic_noise_104", "synthetic_noise_105", "synthetic_noise_106", "synthetic_noise_107", "synthetic_noise_108", "synthetic_noise_109", "synthetic_noise_110", "synthetic_noise_111", "synthetic_noise_112", "synthetic_noise_113", "synthetic_noise_114", "synthetic_noise_115", "synthetic_noise_116", "synthetic_noise_117", "synthetic_noise_118", "synthetic_noise_119", "airports_total", "latitude_abs", "average_elevation_m", "coastline_length_km", "number_of_islands", "mammal_species_count", "bird_species_count", "endemic_species_count", "max_daylight_hours", "daylight_variation_hours", "documented_history_years", "years_since_independence", "admin_divisions_count", "government_system_type", "primary_writing_system", "num_official_languages", "first_letter_position", "last_letter_position", "syllables_in_country_name", "unique_letters_count", "vowel_to_consonant_ratio", "repeated_letters_count", "longest_consonant_cluster", "name_numerology_score", "name_lucky_number", "country_name_alphabetical_rank", "prestige_score", "airports_per_1000_sqkm", "unesco_sites_per_1000_sqkm", "rail_lines_total_km", "air_freight_million_ton_km", "container_port_traffic", "forest_area_sq_km", "marine_protected_areas_pct", "terrestrial_protected_areas_pct", "atms_per_100k_adults", "bank_branches_per_100k", "stock_market_cap_pct_gdp", "listed_domestic_companies", "remittances_received_usd", "tax_revenue_pct_gdp", 