{"alphas": [0.001, 0.0015199110829529332, 0.0023101297000831605, 0.003511191734215131, 0.005336699231206312, 0.008111308307896872, 0.012328467394420659, 0.01873817422860384, 0.02848035868435802, 0.04328761281083059, 0.06579332246575682, 0.1, 0.1519911082952933, 0.23101297000831603, 0.3511191734215131, 0.5336699231206312, 0.8111308307896873, 1.232846739442066, 1.873817422860385, 2.848035868435802, 4.328761281083062, 6.5793322465756825, 10.0, 15.199110829529332, 23.10129700083158, 35.111917342151344, 53.366992312063125, 81.11308307896873, 123.28467394420659, 187.3817422860383, 284.8035868435805, 432.87612810830615, 657.9332246575682, 1000.0, 1519.9110829529332, 2310.129700083163, 3511.1917342151346, 5336.699231206313, 8111.308307896872, 12328.467394420659, 18738.174228603868, 28480.35868435805, 43287.612810830615, 65793.32246575682, 100000.0], "models": {"ridge": {"train_r2": [0.9999999998927511, 0.9999999997522615, 0.9999999994277634, 0.9999999986783102, 0.999999996947606, 0.9999999929516643, 0.9999999837282684, 0.999999962448177, 0.9999999133834425, 0.9999998003696985, 0.9999995404514311, 0.9999989440302194, 0.9999975801244463, 0.9999944769919089, 0.9999874698414659, 0.9999718201803298, 0.999937414721279, 0.9998634197101031, 0.9997089294919078, 0.9993984884243804, 0.9988031675313961, 0.9977208911477993, 0.9958606819996956, 0.9928296316680346, 0.9881118633344504, 0.9810327225638833, 0.9707283901336969, 0.9561645928833278, 0.9362343219042049, 0.9099262855002367, 0.87653447151933, 0.8358761772119574, 0.7884447890550266, 0.7353369598223534, 0.6778149591980501, 0.6166364696183628, 0.5516604160269285, 0.48231522773497415, 0.40893884497329136, 0.3340024496321311, 0.26193722333764036, 0.197464015410721, 0.1437602922978014, 0.10172958175554625, 0.07043575056181017], "test_r2": [0.33328761587376254, 0.3333024132667197, 0.33332490187817954, 0.33335907769381934, 0.33341101063646106, 0.3334899180888474, 0.3336097903501477, 0.333791846873601, 0.3340682365316161, 0.3344875856855667, 0.3351232559804478, 0.3360854945608365, 0.3375389855052845, 0.33972744824163925, 0.34300636113259964, 0.34788242867717023, 0.35505168821451993, 0.365413458523709, 0.38001205192684673, 0.39983100194648635, 0.4253756618722355, 0.4561014444956384, 0.4899827232558551, 0.523648837630732, 0.5532287110534939, 0.5754807355967394, 0.5885265526003687, 0.5918443587191244, 0.585786382488952, 0.5711594498866452, 0.549096284728823, 0.5210273750852152, 0.4885271546371528, 0.4530186369513054, 0.41545770649282265, 0.37613350588238414, 0.33472145046126833, 0.2907280237288491, 0.2442922350971225, 0.19687633741103738, 0.15117316448635565, 0.11012405749688081, 0.07577905836854804, 0.04878770650085229, 0.028622574110401033], "nonzero": [487, 487, 487, 487, 487, 487, 487, 487, 487, 487, 487, 487, 487, 487, 487, 487, 487, 487, 487, 487, 487, 487, 487, 487, 487, 487, 487, 487, 487, 487, 487, 487, 487, 487, 487, 487, 487, 487, 487, 487, 487, 487, 487, 487, 487]}, "lasso": {"train_r2": [0.9999989260874935, 0.999998925726719, 0.9999989251746992, 0.9999989243275796, 0.9999989230204686, 0.9999989209885789, 0.9999989177958769, 0.9999989127256004, 0.9999987996750893, 0.9999987851460058, 0.99999864334209, 0.9999984665676261, 0.9999998909341259, 0.9999997119673935, 0.9999994599485207, 0.9999985894499848, 0.9999967575750429, 0.999992366177591, 0.9999829714977941, 0.9999619553224435, 0.9999139839320929, 0.9998174015188357, 0.9995925702577566, 0.9991377021404585, 0.998277280200763, 0.9966464618535119, 0.9935092206617877, 0.9885414179691091, 0.9809826664206439, 0.9688857179061464, 0.9506596084314815, 0.9239477868521319, 0.8869987520134699, 0.8371220434583813, 0.7644779298073648, 0.7057343419186357, 0.6682498818321129, 0.6005595397633372, 0.47813933028353117, 0.23536775049423142, 0.0, 0.0, 0.0, 0.0, 0.0], "test_r2": [-0.2833633522157757, -0.2833264305660901, -0.2832703143602866, -0.28318507201546494, -0.2830555241909385, -0.28285865295600887, -0.28255949534793223, -0.2820980027183375, -0.2815156880711478, -0.2804846089240145, -0.27906703187504456, -0.2770034268849879, -0.32337194562423766, -1.126665547776874, -3.6538700867235763, -1.7145664023293707, -1.5519533152016622, -1.3317034247496204, -0.9034279482713503, -0.7683281273669949, -0.8287873957415524, -0.8111654195085605, -0.543881719976119, -0.17611500067216967, -0.07018586272515881, -0.011364855814838037, 0.12049543251001327, 0.027426014534872367, 0.3892980340330148, 0.5745355547044334, 0.5992176773232868, 0.583638135261207, 0.5531372721283032, 0.509718216382017, 0.465508666321801, 0.4350979921128414, 0.4203218088428131, 0.3822571882999113, 0.29277925591366616, 0.1189152624627019, -0.016993742863088857, -0.016993742863088857, -0.016993742863088857, -0.016993742863088857, -0.016993742863088857], "nonzero": [485, 485, 485, 485, 485, 485, 485, 485, 485, 485, 485, 485, 453, 391, 297, 243, 241, 236, 228, 222, 218, 213, 216, 211, 203, 192, 184, 164, 149, 135, 109, 90, 67, 43, 31, 17, 11, 8, 3, 2, 0, 0, 0, 0, 0]}, "elasticnet": {"train_r2": [0.9999989201822379, 0.9999974914529172, 0.9999943004409443, 0.9999870352881035, 0.9999709051029033, 0.999935399883719, 0.9998592808563094, 0.9997005463921678, 0.9993818865078543, 0.9987720015039235, 0.9976655349177408, 0.9957679004457424, 0.9926814512573435, 0.9878848389219058, 0.9806943913688975, 0.9702401288644256, 0.955482505001399, 0.9353120004582997, 0.9087160803908271, 0.8750055445844855, 0.8340172348383503, 0.7862556277316962, 0.7328467876747338, 0.6750418778401346, 0.6135350205931893, 0.5481129693419686, 0.47823425371517836, 0.40419738424378904, 0.3286428378388866, 0.2560896786882485, 0.1913154298091131, 0.13745848153625861, 0.09538215708831443, 0.06410316652708614, 0.041720891726828024, 0.026163642529337672, 0.015609092346503095, 0.008689728075696346, 0.0043873243326381095, 0.0018579709446121528, 0.0005289976600479918, 1.6146905750469287e-05, 0.0, 0.0, 0.0], "test_r2": [0.2825235190828125, 0.34505139478086355, 0.32912398065239257, 0.3540053815073514, 0.3592743357809456, 0.3511837486883168, 0.36299475222475974, 0.37941943125564714, 0.40047173585370077, 0.42621695290482986, 0.4571033386575085, 0.49107646958734286, 0.5247793682753362, 0.5543269869124534, 0.5762427861586706, 0.5889470835028376, 0.5919037129410953, 0.5853940044256734, 0.5704928578746611, 0.5481450204284045, 0.5198563099672291, 0.4871140939053069, 0.4514314861790639, 0.4137809404938593, 0.37427538790226944, 0.3325955109515306, 0.28832627581446946, 0.2414942436631452, 0.19374117488488396, 0.1477171070933101, 0.10643314982930863, 0.07196913519982717, 0.04494045765546595, 0.024747634210107727, 0.01016707356789881, -9.592340812325517e-06, -0.006912249725947506, -0.011457172950924521, -0.014258968512168568, -0.01587290885570658, -0.01666765005211923, -0.01698384958273058, -0.016993742863088857, -0.016993742863088857, -0.016993742863088857], "nonzero": [487, 487, 487, 487, 487, 485, 486, 486, 487, 487, 487, 486, 486, 486, 487, 486, 485, 485, 487, 487, 485, 486, 479, 484, 480, 473, 480, 475, 476, 464, 460, 450, 435, 406, 377, 320, 269, 176, 110, 60, 31, 5, 0, 0, 0]}}, "baseline_ols": {"train_r2": 1.0, "test_r2": 0.3332591513840202}, "n_features": 493}