{"n_splits": 100, "models": [{"name": "OLS (all features)", "test_r2": [-0.3483363044253216, -0.37473511322076924, 0.3391378424564032, -0.8249610915797405, -0.7845423818005717, -0.7234538488064544, -9.49494010938325, -1.9269784972768638, 0.5578053091115431, 0.30314321027106583, -0.5898640392207337, 0.4749010735875291, -0.7421395930359218, -1.1565531032812482, -4.033197975977397, 0.4796790859759583, 0.15444222589279732, -0.839767418382871, -0.47258753311166934, 0.2993152023843827, -0.0696734810352111, -1.667321463463701, -0.23168157253800437, 0.4457423942266354, 0.07412471612018057, -0.4195032384330235, -0.12164202866587326, 0.4375795077936535, -0.05919995223125363, 0.47706502630043257, 0.06260497271886734, -0.1881097010706314, -1.316924691962094, -0.6380543745526834, 0.3828457221773903, 0.6154278348492457, -0.41705287482700215, -0.8222369661300091, -0.5469410558933694, -0.08876238250310697, -3.1020218193863807, 0.2647273363902495, -0.5725798831093161, -0.7037813117003879, 0.23797001251832106, 0.36144255525005275, -0.05359693380219244, 0.609615655363406, 0.46874985636162314, -0.15195595219794278, -0.9189429636119919, -1.4653234297202817, -0.0637148386576798, -1.3076769018716936, 0.00010791657675091049, -1.43765591765388, 0.33696635590854307, -4.795761065060854, -0.3808374720645131, 0.26337610394067035, -1.2286757564199813, 0.23922090786760697, 0.37708433962998333, 0.5504681909749268, 0.4390246639408574, 0.4378041979230516, -0.8469279658732509, 0.3137334402931814, -1.8014086423968, -0.2008858414482797, 0.2808714463853649, -0.791350057996163, 0.2151309184410226, -0.08730113862071631, -2.019101002744093, -0.33359894407734014, 0.41888455296177196, -1.507428373100963, -1.7753960053931155, -0.4759535725063664, -0.8249355542013763, 0.17862490386382457, -0.2002143067150166, -0.9267409371919828, 0.32306994727430605, -1.0157654939004095, 0.25068476963106134, -0.6649612330382568, -0.013563702234970387, -1.2248876756426057, -0.027740379412049876, -0.24897888417842218, 0.36499389705264995, -1.929720182405537, 0.21381068792135338, -0.556770614398709, 0.33483756591360037, 0.3467539317234095, -0.4928001633920911, -0.3236223100033757], "summary": {"mean": -0.5043996974096407, "std": 1.2916811363531513, "min": -9.49494010938325, "q25": -0.8229116131478509, "median": -0.20055007408164816, "q75": 0.28548238538511933, "max": 0.6154278348492457}}, {"name": "Ridge \u03b1=81.1", "test_r2": [0.6255241484972824, 0.6027121872573538, 0.7140439404634911, 0.38670525603925265, 0.3391994044723702, 0.5266439548843918, -0.20858992306712065, 0.2549069313025799, 0.6236290865291465, 0.5197686529589032, 0.5290213364907665, 0.5960912553543527, 0.46252631982183257, 0.5623091289922615, -0.14590178143736554, 0.5654369097321814, 0.43647589498485295, 0.4540260075539855, 0.5274007508330504, 0.5615061674627206, 0.6818639783234337, 0.5871966501065546, 0.6223993315928208, 0.5265405395422895, 0.4924255143030505, 0.4543402778597966, 0.5321758997880631, 0.45497347377638353, 0.5671830249176384, 0.5442813715451316, 0.6146691544201806, 0.6322214534711933, 0.6164954393953508, 0.31568488491473057, 0.5734445209603365, 0.64102729497199, 0.5263577536731342, 0.5930249144811461, 0.5399586991970771, 0.7598025856906615, -0.36518175120226726, 0.5453422386544743, 0.4740380579051984, 0.5402366338153994, 0.63739337706403, 0.5680031802885258, 0.5426684000666664, 0.6956712462564714, 0.6039942231874096, 0.5342852309137942, 0.7880530601677117, 0.267347380751474, 0.6342101504835196, 0.326777101280073, 0.6624021825506009, 0.5849211716956775, 0.6172592670063392, 0.33354932028123796, 0.6880138914392002, 0.4546094356252032, 0.4649187359531708, 0.5843758528919527, 0.6408374618137811, 0.6184614673455953, 0.5861273007818664, 0.4631589322534513, 0.5367753508581354, 0.5343992139559157, -0.08101184057212141, 0.5919433838305022, 0.47506137054700415, 0.6197169998724705, 0.6125006490192857, 0.5092132446168662, -0.2731614426967022, 0.595256275744406, 0.5669799896845534, 0.22547610254909922, 0.2804576261130386, 0.4777301249033997, 0.5149885238574764, 0.6341551219421424, 0.6156289297983031, 0.49042366576762875, 0.5227779673766753, 0.45033974531959997, 0.5222405153591414, 0.49182669176695026, 0.48206976389221934, 0.4416461679656918, 0.4210626574485381, 0.44768113426055633, 0.5970982856536764, 0.35746513016341175, 0.5571357962227665, 0.6993574196905692, 0.3831586811322336, 0.5731907302120465, 0.47987993929653827, 0.5794707077925343], "summary": {"mean": 0.4963391056467236, "std": 0.19546364528225627, "min": -0.36518175120226726, "q25": 0.4606381083104703, "median": 0.5383670250276062, "q75": 0.6030326962398678, "max": 0.7880530601677117}}, {"name": "Lasso \u03b1=285", "test_r2": [0.6554424041123643, 0.454465212051256, 0.6408925693635346, 0.18234500581072077, 0.3882608094187291, 0.4078947813742433, 0.0617838303309145, 0.2575830412368898, 0.6159252109757554, 0.5425382904226532, 0.4326895448340232, 0.5683792599062784, 0.372687648977053, 0.45250078316596654, 0.40294187020378114, 0.5344148550298338, 0.6154645863896289, 0.15266299824619367, 0.39515487028680074, 0.44157186948868876, 0.6379350276009675, 0.444374017574076, 0.4600498258695478, 0.5230086995643386, 0.5345918914565662, 0.24564966739083471, 0.4168153270691797, 0.4758310308967849, 0.45179067678025353, 0.5266286513184602, 0.622540468379418, 0.6355840685224707, 0.4240410358529165, 0.2355963845227257, 0.5631785437567087, 0.6414423160683476, 0.4407755864068359, 0.6098035271549649, 0.5382855885382996, 0.7518009152742055, -0.21711389321232444, 0.5810994846320559, 0.18498553116806438, 0.5840333100686834, 0.5601803639428639, 0.5690525310017247, 0.4760884921070472, 0.7041522900162982, 0.60654853666092, 0.520995453082284, 0.7256367225522455, -0.0994996868568887, 0.60866849091805, 0.5032852423389361, 0.5789803509715991, 0.3585848181413238, 0.6198809577117579, -2.14587643660897, 0.6185653138988002, 0.44478068964531436, 0.4617602900266766, 0.5419525502421949, 0.5631845428904114, 0.6402713121865296, 0.49154671417896934, 0.4684901850189531, 0.3694785661174418, 0.4997226518148088, -0.2921815138975965, 0.6107815669024508, 0.4894708591741802, 0.6080027463722406, 0.6510502843376819, 0.39768683153007334, 0.36240494607216645, 0.5373227333232988, 0.5080182309164996, 0.09684150194443852, -0.20719490261634, 0.4437955681336858, 0.38322044413565415, 0.6451156210556993, 0.6517654353248526, 0.4469229655652668, 0.4233101900261079, 0.32210919036586616, 0.4606969077535825, 0.510063878009039, 0.5537161550839045, 0.344396782753545, 0.4185865649995355, 0.5795372564869719, 0.6328067186703248, -0.23728183440820305, 0.5296114105772847, 0.6176873352821405, 0.32413393849873795, 0.5882024851666745, 0.2902056842626387, 0.563804621827411], "summary": {"mean": 0.42829368669908796, "std": 0.32877549252619864, "min": -2.14587643660897, "q25": 0.3970538412192552, "median": 0.49563468299688906, "q75": 0.5850756038431812, "max": 0.7518009152742055}}, {"name": "Elastic Net \u03b1=0.811",