{"n_splits": 100, "models": [{"name": "OLS (all features)", "test_r2": [-0.3483363044253216, -0.37473511322076924, 0.3391378424564032, -0.8249610915797405, -0.7845423818005717, -0.7234538488064544, -9.49494010938325, -1.9269784972768638, 0.5578053091115431, 0.30314321027106583, -0.5898640392207337, 0.4749010735875291, -0.7421395930359218, -1.1565531032812482, -4.033197975977397, 0.4796790859759583, 0.15444222589279732, -0.839767418382871, -0.47258753311166934, 0.2993152023843827, -0.0696734810352111, -1.667321463463701, -0.23168157253800437, 0.4457423942266354, 0.07412471612018057, -0.4195032384330235, -0.12164202866587326, 0.4375795077936535, -0.05919995223125363, 0.47706502630043257, 0.06260497271886734, -0.1881097010706314, -1.316924691962094, -0.6380543745526834, 0.3828457221773903, 0.6154278348492457, -0.41705287482700215, -0.8222369661300091, -0.5469410558933694, -0.08876238250310697, -3.1020218193863807, 0.2647273363902495, -0.5725798831093161, -0.7037813117003879, 0.23797001251832106, 0.36144255525005275, -0.05359693380219244, 0.609615655363406, 0.46874985636162314, -0.15195595219794278, -0.9189429636119919, -1.4653234297202817, -0.0637148386576798, -1.3076769018716936, 0.00010791657675091049, -1.43765591765388, 0.33696635590854307, -4.795761065060854, -0.3808374720645131, 0.26337610394067035, -1.2286757564199813, 0.23922090786760697, 0.37708433962998333, 0.5504681909749268, 0.4390246639408574, 0.4378041979230516, -0.8469279658732509, 0.3137334402931814, -1.8014086423968, -0.2008858414482797, 0.2808714463853649, -0.791350057996163, 0.2151309184410226, -0.08730113862071631, -2.019101002744093, -0.33359894407734014, 0.41888455296177196, -1.507428373100963, -1.7753960053931155, -0.4759535725063664, -0.8249355542013763, 0.17862490386382457, -0.2002143067150166, -0.9267409371919828, 0.32306994727430605, -1.0157654939004095, 0.25068476963106134, -0.6649612330382568, -0.013563702234970387, -1.2248876756426057, -0.027740379412049876, -0.24897888417842218, 0.36499389705264995, -1.929720182405537, 0.21381068792135338, -0.556770614398709, 0.33483756591360037, 0.3467539317234095, -0.4928001633920911, -0.3236223100033757], "summary": {"mean": -0.5043996974096407, "std": 1.2916811363531513, "min": -9.49494010938325, "q25": -0.8229116131478509, "median": -0.20055007408164816, "q75": 0.28548238538511933, "max": 0.6154278348492457}}, {"name": "Ridge \u03b1=10", "test_r2": [0.17025627414629219, 0.1471831560940855, 0.5002617461747352, -0.2262635408643474, -0.27168975547182783, -0.11053064931405121, -4.2755555707062145, -0.7842091875759265, 0.6228014324940694, 0.40635771296958834, 0.06221524542098067, 0.5507631383854175, -0.13451281995280184, -0.24049840274789624, -2.0052113389512143, 0.549954124552288, 0.24867928224768443, -0.26193625455235003, 0.1085354767894886, 0.4514569388464502, 0.3646707408012798, -0.36121010785354435, 0.23142204383508114, 0.5003506638672488, 0.2807980943232359, 0.0732734040698858, 0.16909153917574504, 0.46128735786384056, 0.268739634588968, 0.5280748012197638, 0.31790922113326026, 0.2638405825564456, 0.058550896803188146, -0.2219994533437848, 0.5140398260105488, 0.6708901845466881, 0.12858907003649778, -0.05589756082154329, 0.02481931844540508, 0.41284350737944997, -1.7077261251316864, 0.4414522136560113, -0.03714068325146025, -0.058267087742572166, 0.4595552871281947, 0.4872630706535144, 0.2508165247334748, 0.6816358690768309, 0.5937501624904306, 0.23913807741491233, 0.04192342696449591, -0.6461882039641089, 0.27109224357874195, -0.29696802055438476, 0.4150033965826361, -0.1789571147532718, 0.548230502515532, -1.591293666166885, 0.27122730564644826, 0.40470663189009237, -0.25294955463477753, 0.4237858613062764, 0.5212807286189891, 0.6176559319346737, 0.5201666383919796, 0.47169967537062785, -0.08936291515858397, 0.4400003126478902, -0.9543096418330561, 0.24634299782970748, 0.4215057851499211, 0.011434287152302769, 0.5095766470996823, 0.10019787130417146, -1.3677001831473858, 0.11639929310004149, 0.5005833442284839, -0.6967267977989433, -0.6738906691375648, -0.025213983587658806, -0.06638711552759236, 0.4311434397043712, 0.2973205505867378, -0.1698777598757304, 0.3992456254062926, -0.27223255166867233, 0.4022614968912682, -0.031223254806163725, 0.2850172679367672, -0.3214047738757686, 0.19896741646323046, 0.1575549476173832, 0.5252409204992936, -0.6525821764347552, 0.434120166815532, 0.09966892880682343, 0.3792011628113643, 0.46833824728602935, 0.08940069600959288, 0.09509824608565887], "summary": {"mean": 0.04316741692957495, "std": 0.661821647411519, "min": -4.2755555707062145, "q25": -0.09465484869745078, "median": 0.2151947301491558, "q75": 0.4355902032736215, "max": 0.6816358690768309}}, {"name": "Lasso \u03b1=100", "test_r2": [0.4119285785005561, 0.16435926868363926, 0.485929019682643, 0.012117970526196009, -0.47639756160141666, -0.051067224813132306, -4.805538908630974, -0.5902033001929912, 0.5872371297023344, 0.40802044312462515, 0.10787453090951216, 0.564365329287794, -0.03489693991090337, 0.03469109802808845, -0.3392385540434224, 0.5484326040982817, 0.2106548731686555, -0.18202275454907735, 0.1199985512711248, 0.38308675664037906, 0.4958398023730025, -0.2190335526239009, 0.11970028217726558, 0.5516132970341485, 0.3009111760528739, -0.1577405914121197, 0.2769787224262118, 0.48742034872923234, 0.28447051675255597, 0.6087866742825994, 0.35536600895656656, 0.4451478455515516, -4.357604684208188, 0.005497958754758336, 0.49672595997416225, 0.6570144797465896, 0.11943232743600218, -0.03317920182068623, 0.12853614331584007, 0.0974989323845088, -1.0931982807345775, 0.5089194453563194, -0.22290446985982904, 0.2567213420156558, 0.4108576428156, 0.5415691892993706, 0.17198472783916963, 0.6919949147440769, 0.5252640910274438, 0.33358738827449264, -0.9879500256490008, -0.44039123290769533, 0.3190947170236923, 0.4404429986284668, 0.4241013457883932, -0.01637229734329182, 0.5796961418532602, 0.2474128521501442, 0.5023399121823988, 0.4085400264903708, 0.1384946508116336, 0.5142561065349542, 0.39068416621494995, 0.6393459735165308, 0.4467449584551837, 0.427389036017227, -0.10469154858377006, 0.42559992920536127, -0.9768097219138707, 0.3664692236302588, 0.4178795359091019, 0.0038253091804170136, 0.6306980266238993, 0.20024149373454148, -0.2474527764475225, 0.14165816693624356, 0.5010719598875603, -0.7100925223541157, -1.1457819010266337, -0.15366513685803462, 0.0882040493576749, 0.5359980608594108, 0.34086896598378436, -0.12575415538672607, 0.3846100681172935, -0.036894279190117674, 0.3819551142769507, 0.1557352937695724, 0.5430201130058044, -0.08467608168808716, 0.33721309524654663, 0.3398534448538625, 0.6117646634126106, -0.7699189269861775, 0.5064983830846641, 0.1365217858810639, 0.3316180321720754, 0.5327638044098715, -0.05003451519923563, 0.18208644298725485], "summary": {"mean": 0.08071722073201357, "std": 0.7753084746563614, "min": -4.805538908630974, "q25": -0.03360863634324052, "median": 0.2807246195893839, "q75": 0.4565409737620485, "max": 0.6919949147440769}}, {"name": "Random Forest",